사고번호,사고일시,요일,시군구,X,Y,사고내용,사망자수,중상자수,경상자수,부상신고자수,사고유형,법규위반,노면상태,기상상태,도로형태,가해운전자 차종,가해운전자 성별,가해운전자 연령,가해운전자 상해정도,피해운전자 차종,피해운전자 성별,피해운전자 연령,피해운전자 상해정도
2.02E+15,2015년 7월 3일 19시,금요일,서울특별시 양천구 신정동,126.855717,37.515197,경상사고,0,0,1,0,차대차 - 측면직각충돌,안전운전불이행,포장 - 건조,맑음,단일로 - 기타,승용,남,60세,상해없음,자전거,남,6세,경상
2.02E+15,2015년 7월 7일 17시,화요일,서울특별시 동작구 대방동,126.928004,37.506883,경상사고,0,0,1,0,차대사람 - 횡단중,보행자보호의무위반,포장 - 건조,맑음,단일로 - 횡단보도상,원동기,남,16세,상해없음,보행자,여,11세,경상
2.02E+15,2015년 7월 7일 20시,화요일,서울특별시 성북구 장위동,127.049914,37.615222,경상사고,0,0,1,0,차대사람 - 횡단중,미분류,포장 - 건조,맑음,교차로 - 교차로부근,승용,남,44세,상해없음,보행자,남,7세,경상
2.02E+15,2015년 7월 14일 13시,화요일,서울특별시 노원구 상계동,127.07033,37.672997,부상신고사고,0,0,0,1,차대사람 - 횡단중,신호위반,포장 - 건조,맑음,교차로 - 교차로안,원동기,남,75세,상해없음,보행자,남,8세,부상신고
2.02E+15,2015년 7월 15일 09시,수요일,서울특별시 은평구 응암동,126.923123,37.593842,중상사고,0,1,0,0,차대사람 - 횡단중,신호위반,포장 - 건조,맑음,교차로 - 교차로안,승용,여,48세,상해없음,보행자,남,5세,중상
2.02E+15,2015년 7월 16일 18시,목요일,서울특별시 은평구 녹번동,126.934578,37.605317,경상사고,0,0,2,1,차대차 - 측면직각충돌,안전운전불이행,포장 - 건조,맑음,단일로 - 횡단보도상,자전거,남,11세,부상신고,승합,남,55세,상해없음
2.02E+15,2015년 7월 22일 08시,수요일,서울특별시 양천구 신월동,126.834319,37.526611,부상신고사고,0,0,0,1,차대사람 - 길가장자리구역통행중,안전운전불이행,포장 - 건조,맑음,단일로 - 기타,승용,남,31세,상해없음,보행자,남,7세,부상신고
2.02E+15,2015년 7월 22일 14시,수요일,서울특별시 관악구 봉천동,126.953483,37.47798,중상사고,0,1,0,0,차대사람 - 기타,안전운전불이행,포장 - 건조,맑음,교차로 - 교차로안,승용,여,33세,상해없음,보행자,남,6세,중상
2.02E+15,2015년 7월 25일 13시,토요일,서울특별시 성북구 돈암동,127.018315,37.59779,경상사고,0,0,3,0,차대차 - 추돌 - 진행중,안전운전불이행,포장 - 습기,흐림,단일로 - 기타,승용,남,19세,상해없음,승용,여,38세,경상
2.02E+15,2015년 8월 6일 18시,목요일,서울특별시 도봉구 창동,127.044061,37.647747,중상사고,0,1,0,0,차대사람 - 기타,안전운전불이행,포장 - 건조,맑음,단일로 - 기타,승용,남,54세,상해없음,보행자,남,7세,중상
2.02E+15,2015년 8월 7일 13시,금요일,서울특별시 광진구 광장동,127.104706,37.547838,중상사고,0,1,0,0,차대사람 - 횡단중,미분류,포장 - 건조,맑음,단일로 - 기타,승용,여,39세,상해없음,보행자,남,7세,중상
2.02E+15,2015년 8월 11일 16시,화요일,서울특별시 노원구 상계동,127.07033,37.672997,중상사고,0,1,0,0,차대사람 - 기타,안전운전불이행,포장 - 건조,맑음,단일로 - 기타,자전거,남,18세,상해없음,보행자,남,9세,중상
2.02E+15,2015년 8월 17일 15시,월요일,서울특별시 양천구 신정동,126.855717,37.515197,중상사고,0,1,0,0,차대차 - 측면직각충돌,안전운전불이행,포장 - 건조,맑음,단일로 - 기타,승용,여,52세,상해없음,자전거,여,7세,중상
2.02E+15,2015년 8월 18일 17시,화요일,서울특별시 도봉구 쌍문동,127.027091,37.653366,경상사고,0,0,1,0,차대사람 - 차도통행중,안전운전불이행,포장 - 건조,맑음,교차로 - 교차로부근,승용,여,26세,상해없음,보행자,여,12세,경상
2.02E+15,2015년 8월 19일 18시,수요일,서울특별시 구로구 개봉동,126.851943,37.494229,경상사고,0,0,1,0,차대차 - 기타,교차로운행방법위반,포장 - 건조,맑음,교차로 - 교차로안,승용,남,44세,상해없음,자전거,남,11세,경상
2.02E+15,2015년 8월 21일 18시,금요일,서울특별시 성동구 마장동,127.040742,37.567366,중상사고,0,1,0,0,차대사람 - 기타,미분류,포장 - 건조,맑음,단일로 - 기타,화물,남,29세,상해없음,보행자,여,10세,중상
2.02E+15,2015년 8월 21일 19시,금요일,서울특별시 영등포구 양평동1가,126.888696,37.523198,부상신고사고,0,0,0,1,차대차 - 기타,안전운전불이행,포장 - 건조,맑음,교차로 - 교차로부근,자전거,남,10세,부상신고,승용,남,33세,상해없음
2.02E+15,2015년 8월 27일 18시,목요일,서울특별시 용산구 후암동,126.980623,37.549905,경상사고,0,0,1,0,차대사람 - 횡단중,보행자보호의무위반,포장 - 건조,맑음,교차로 - 교차로부근,승용,남,65세,상해없음,보행자,남,6세,경상
2.02E+15,2015년 8월 27일 18시,목요일,서울특별시 노원구 공릉동,127.091015,37.630503,중상사고,0,1,0,0,차대사람 - 횡단중,보행자보호의무위반,포장 - 건조,맑음,단일로 - 기타,승용,여,41세,상해없음,보행자,남,7세,중상
2.02E+15,2015년 8월 28일 15시,금요일,서울특별시 동작구 노량진동,126.941884,37.511576,경상사고,0,0,1,0,차대사람 - 횡단중,신호위반,포장 - 건조,맑음,단일로 - 횡단보도상,승용,남,60세,상해없음,보행자,여,7세,경상
2.02E+15,2015년 8월 28일 17시,금요일,서울특별시 강동구 길동,127.145925,37.53962,중상사고,0,1,0,0,차대사람 - 기타,보행자보호의무위반,포장 - 건조,맑음,교차로 - 교차로안,승용,여,43세,상해없음,보행자,여,7세,중상
2.02E+15,2015년 8월 30일 09시,일요일,서울특별시 동대문구 제기동,127.037237,37.583781,경상사고,0,0,1,0,차대차 - 측면직각충돌,안전운전불이행,포장 - 건조,맑음,단일로 - 횡단보도상,승용,남,60세,상해없음,자전거,남,11세,경상
2.02E+15,2015년 8월 31일 13시,월요일,서울특별시 성동구 성수동1가,127.042756,37.543514,경상사고,0,0,1,0,차대사람 - 기타,신호위반,포장 - 건조,맑음,교차로 - 교차로부근,화물,남,66세,상해없음,보행자,남,7세,경상
2.02E+15,2015년 8월 31일 13시,월요일,서울특별시 중랑구 묵동,127.079735,37.612719,경상사고,0,0,1,0,차대사람 - 횡단중,보행자보호의무위반,포장 - 건조,맑음,단일로 - 기타,승용,여,54세,상해없음,보행자,여,7세,경상
2.02E+15,2015년 9월 1일 14시,화요일,서울특별시 은평구 응암동,126.923123,37.593842,중상사고,0,1,0,0,차대사람 - 횡단중,보행자보호의무위반,포장 - 건조,맑음,교차로 - 교차로안,자전거,남,19세,상해없음,보행자,남,9세,중상
2.02E+15,2015년 9월 2일 19시,수요일,서울특별시 성북구 장위동,127.049914,37.615222,경상사고,0,0,1,0,차대사람 - 횡단중,미분류,포장 - 건조,흐림,단일로 - 기타,승용,남,30세,상해없음,보행자,여,11세,경상
2.02E+15,2015년 9월 10일 08시,목요일,서울특별시 도봉구 방학동,127.031062,37.665292,경상사고,0,0,1,0,차대사람 - 횡단중,보행자보호의무위반,포장 - 건조,맑음,단일로 - 횡단보도상,승용,남,66세,상해없음,보행자,여,11세,경상
2.02E+15,2015년 9월 10일 15시,목요일,서울특별시 성북구 장위동,127.049914,37.615222,경상사고,0,0,1,0,차대사람 - 횡단중,안전운전불이행,포장 - 건조,맑음,단일로 - 횡단보도부근,승용,여,64세,상해없음,보행자,여,11세,경상
2.02E+15,2015년 9월 11일 14시,금요일,서울특별시 동작구 사당동,126.972305,37.485624,경상사고,0,0,1,0,차대차 - 측면직각충돌,미분류,포장 - 건조,맑음,교차로 - 교차로안,화물,남,56세,상해없음,자전거,남,9세,경상
2.02E+15,2015년 9월 13일 17시,일요일,서울특별시 구로구 개봉동,126.851943,37.494229,경상사고,0,0,1,0,차대사람 - 횡단중,안전운전불이행,포장 - 건조,맑음,단일로 - 기타,자전거,남,15세,상해없음,보행자,여,5세,경상
2.02E+15,2015년 9월 16일 18시,수요일,서울특별시 강북구 번동,127.036755,37.629045,경상사고,0,0,1,0,차대차 - 측면직각충돌,안전운전불이행,포장 - 건조,맑음,단일로 - 기타,자전거,남,10세,경상,승용,남,68세,상해없음
2.02E+15,2015년 9월 17일 19시,목요일,서울특별시 구로구 오류동,126.838594,37.491666,경상사고,0,0,1,0,차대사람 - 횡단중,안전운전불이행,포장 - 건조,맑음,단일로 - 기타,승용,남,41세,상해없음,보행자,남,6세,경상
2.02E+15,2015년 9월 20일 15시,일요일,서울특별시 용산구 이촌동,126.966529,37.517462,경상사고,0,0,1,0,차대사람 - 차도통행중,미분류,포장 - 건조,맑음,단일로 - 기타,승용,남,35세,상해없음,보행자,남,3세,경상
2.02E+15,2015년 9월 24일 18시,목요일,서울특별시 구로구 구로동,126.884681,37.494236,경상사고,0,0,1,0,차대차 - 기타,보행자보호의무위반,포장 - 건조,맑음,단일로 - 횡단보도상,승용,남,53세,상해없음,자전거,여,7세,경상
2.02E+15,2015년 10월 1일 08시,목요일,서울특별시 용산구 이촌동,126.966529,37.517462,부상신고사고,0,0,0,1,차대사람 - 기타,미분류,포장 - 습기,비,교차로 - 교차로안,승용,남,66세,상해없음,보행자,남,12세,부상신고
2.02E+15,2015년 10월 6일 13시,화요일,서울특별시 서초구 양재동,127.037418,37.471972,경상사고,0,0,1,0,차대사람 - 횡단중,신호위반,포장 - 건조,맑음,교차로 - 교차로안,승용,남,64세,상해없음,보행자,남,7세,경상
2.02E+15,2015년 10월 19일 14시,월요일,서울특별시 양천구 신월동,126.834319,37.526611,경상사고,0,0,1,0,차대사람 - 횡단중,신호위반,포장 - 건조,맑음,단일로 - 기타,원동기,남,25세,상해없음,보행자,남,10세,경상
2.02E+15,2015년 10월 20일 16시,화요일,서울특별시 중랑구 신내동,127.100804,37.612611,경상사고,0,0,1,0,차대사람 - 횡단중,보행자보호의무위반,포장 - 건조,맑음,교차로 - 교차로안,화물,남,24세,상해없음,보행자,남,7세,경상
2.02E+15,2015년 10월 30일 15시,금요일,서울특별시 성북구 안암동2가,127.023179,37.586901,경상사고,0,0,1,0,차대사람 - 횡단중,미분류,포장 - 건조,맑음,교차로 - 교차로부근,원동기,남,35세,상해없음,보행자,여,10세,경상
2.02E+15,2015년 11월 12일 09시,목요일,서울특별시 금천구 시흥동,126.909282,37.449531,사망사고,1,0,0,0,차대사람 - 횡단중,보행자보호의무위반,포장 - 건조,맑음,교차로 - 교차로안,승용,남,72세,상해없음,보행자,남,8세,사망
2.02E+15,2015년 12월 4일 16시,금요일,서울특별시 은평구 불광동,126.935569,37.619157,경상사고,0,0,1,0,차대사람 - 기타,보행자보호의무위반,포장 - 건조,맑음,단일로 - 기타,승용,남,52세,상해없음,보행자,여,9세,경상
2.02E+15,2015년 12월 4일 19시,금요일,서울특별시 은평구 진관동,126.937815,37.639684,중상사고,0,1,0,0,차대사람 - 횡단중,보행자보호의무위반,포장 - 건조,맑음,교차로 - 교차로부근,이륜,남,19세,상해없음,보행자,남,11세,중상
2.02E+15,2015년 12월 5일 11시,토요일,서울특별시 양천구 목동,126.87452,37.536047,경상사고,0,0,1,0,차대사람 - 횡단중,미분류,포장 - 건조,맑음,단일로 - 기타,승용,남,35세,상해없음,보행자,남,8세,경상
2.02E+15,2015년 12월 11일 08시,금요일,서울특별시 서대문구 남가좌동,126.919255,37.575525,경상사고,0,0,1,0,차대사람 - 보도통행중,신호위반,포장 - 건조,맑음,단일로 - 횡단보도상,승합,남,68세,상해없음,보행자,남,8세,경상
2.02E+15,2015년 12월 11일 17시,금요일,서울특별시 구로구 고척동,126.858875,37.503171,중상사고,0,1,0,0,차대차 - 기타,기타,포장 - 건조,맑음,단일로 - 기타,승용,남,27세,상해없음,자전거,여,11세,중상
2.02E+15,2015년 12월 14일 16시,월요일,서울특별시 도봉구 쌍문동,127.027091,37.653366,경상사고,0,0,1,0,차대사람 - 횡단중,보행자보호의무위반,포장 - 건조,맑음,단일로 - 기타,승용,여,44세,상해없음,보행자,남,10세,경상
2.02E+15,2015년 12월 14일 20시,월요일,서울특별시 종로구 무악동,126.958573,37.577113,경상사고,0,0,1,0,차대사람 - 기타,안전운전불이행,포장 - 습기,비,단일로 - 기타,승용,여,46세,상해없음,보행자,여,6세,경상
2.02E+15,2015년 12월 27일 21시,일요일,서울특별시 도봉구 창동,127.044061,37.647747,경상사고,0,0,1,0,차대사람 - 보도통행중,신호위반,포장 - 건조,맑음,교차로 - 교차로안,승용,남,53세,상해없음,보행자,여,11세,경상
2.02E+15,2016년 1월 14일 08시,목요일,서울특별시 광진구 광장동,127.104706,37.547838,부상신고사고,0,0,0,1,차대사람 - 횡단중,보행자보호의무위반,포장 - 건조,맑음,단일로 - 횡단보도상,화물,남,28세,상해없음,보행자,남,7세,부상신고
2.02E+15,2016년 1월 18일 16시,월요일,서울특별시 서초구 잠원동,127.009094,37.515105,경상사고,0,0,1,0,차대사람 - 횡단중,신호위반,포장 - 건조,맑음,단일로 - 횡단보도상,이륜,남,55세,상해없음,보행자,남,5세,경상
2.02E+15,2016년 1월 21일 16시,목요일,서울특별시 구로구 개봉동,126.851943,37.494229,경상사고,0,0,1,0,차대사람 - 기타,안전운전불이행,포장 - 건조,맑음,단일로 - 기타,승용,남,64세,상해없음,보행자,여,12세,경상
2.02E+15,2016년 1월 25일 11시,월요일,서울특별시 강남구 일원동,127.082861,37.488012,부상신고사고,0,0,0,1,차대사람 - 횡단중,보행자보호의무위반,포장 - 건조,맑음,단일로 - 횡단보도상,승용,여,41세,상해없음,보행자,남,8세,부상신고
2.02E+15,2016년 2월 24일 19시,수요일,서울특별시 종로구 동숭동,127.004876,37.581405,부상신고사고,0,0,0,1,차대사람 - 횡단중,보행자보호의무위반,포장 - 건조,맑음,단일로 - 횡단보도상,원동기,남,28세,상해없음,보행자,남,10세,부상신고
2.02E+15,2016년 3월 1일 13시,화요일,서울특별시 구로구 궁동,126.828517,37.500442,경상사고,0,0,1,0,차대사람 - 기타,신호위반,포장 - 건조,맑음,단일로 - 횡단보도상,승용,남,68세,기타불명,보행자,여,9세,경상
2.02E+15,2016년 3월 4일 14시,금요일,서울특별시 광진구 자양동,127.07452,37.531702,경상사고,0,0,1,0,차대사람 - 보도통행중,미분류,포장 - 건조,맑음,단일로 - 기타,승용,남,50세,상해없음,보행자,남,11세,경상
2.02E+15,2016년 3월 4일 20시,금요일,서울특별시 강동구 길동,127.145925,37.53962,중상사고,0,1,0,0,차대사람 - 차도통행중,기타,포장 - 건조,맑음,기타 - 기타,승용,여,55세,상해없음,보행자,여,4세,중상
2.02E+15,2016년 3월 8일 16시,화요일,서울특별시 금천구 시흥동,126.909282,37.449531,중상사고,0,1,0,0,차대사람 - 횡단중,보행자보호의무위반,포장 - 건조,맑음,교차로 - 교차로안,승용,여,37세,상해없음,보행자,남,7세,중상
2.02E+15,2016년 3월 10일 17시,목요일,서울특별시 관악구 봉천동,126.953483,37.47798,사망사고,1,0,0,0,차대사람 - 길가장자리구역통행중,안전운전불이행,포장 - 건조,맑음,교차로 - 교차로부근,승합,남,29세,상해없음,보행자,남,8세,사망
2.02E+15,2016년 3월 17일 13시,목요일,서울특별시 도봉구 창동,127.044061,37.647747,경상사고,0,0,1,0,차대사람 - 횡단중,미분류,포장 - 건조,맑음,단일로 - 기타,승용,여,53세,상해없음,보행자,남,6세,경상
2.02E+15,2016년 3월 18일 12시,금요일,서울특별시 구로구 개봉동,126.851943,37.494229,중상사고,0,1,0,0,차대사람 - 기타,안전운전불이행,포장 - 건조,맑음,교차로 - 교차로부근,화물,남,58세,상해없음,보행자,남,7세,중상
2.02E+15,2016년 3월 21일 13시,월요일,서울특별시 구로구 구로동,126.884681,37.494236,경상사고,0,0,1,0,차대사람 - 횡단중,보행자보호의무위반,포장 - 건조,맑음,단일로 - 횡단보도상,자전거,남,67세,상해없음,보행자,남,6세,경상
2.02E+15,2016년 3월 21일 14시,월요일,서울특별시 성북구 삼선동2가,127.011376,37.583883,경상사고,0,0,1,0,차대사람 - 횡단중,신호위반,포장 - 건조,맑음,단일로 - 횡단보도상,원동기,남,33세,상해없음,보행자,남,7세,경상
2.02E+15,2016년 3월 21일 17시,월요일,서울특별시 영등포구 대림동,126.900122,37.495435,중상사고,0,1,0,0,차대사람 - 기타,안전운전불이행,포장 - 건조,맑음,단일로 - 기타,승용,남,29세,기타불명,보행자,남,10세,중상
2.02E+15,2016년 3월 24일 15시,목요일,서울특별시 송파구 가락동,127.118402,37.495689,중상사고,0,1,0,0,차대사람 - 횡단중,보행자보호의무위반,포장 - 건조,맑음,단일로 - 기타,승용,여,35세,상해없음,보행자,남,7세,중상
2.02E+15,2016년 3월 28일 18시,월요일,서울특별시 광진구 광장동,127.104706,37.547838,경상사고,0,0,1,0,차대차 - 측면직각충돌,안전운전불이행,포장 - 건조,맑음,단일로 - 기타,원동기,남,33세,상해없음,자전거,남,11세,경상
2.02E+15,2016년 3월 30일 16시,수요일,서울특별시 성북구 길음동,127.022236,37.608752,경상사고,0,0,1,0,차대사람 - 횡단중,보행자보호의무위반,포장 - 건조,맑음,단일로 - 횡단보도상,승용,여,46세,상해없음,보행자,남,12세,경상
2.02E+15,2016년 3월 31일 18시,목요일,서울특별시 강북구 수유동,127.007369,37.638335,경상사고,0,0,1,0,차대사람 - 기타,안전운전불이행,포장 - 건조,맑음,단일로 - 기타,승용,여,26세,상해없음,보행자,여,2세,경상
2.02E+15,2016년 4월 6일 19시,수요일,서울특별시 도봉구 창동,127.044061,37.647747,경상사고,0,0,1,0,차대차 - 추돌 - 진행중,미분류,포장 - 건조,맑음,단일로 - 기타,승용,남,68세,상해없음,자전거,남,12세,경상
2.02E+15,2016년 4월 18일 15시,월요일,서울특별시 강남구 논현동,127.031713,37.51368,부상신고사고,0,0,0,1,차대사람 - 길가장자리구역통행중,안전운전불이행,포장 - 건조,맑음,단일로 - 기타,승용,남,61세,상해없음,보행자,남,8세,부상신고
2.02E+15,2016년 4월 19일 08시,화요일,서울특별시 양천구 신월동,126.834319,37.526611,경상사고,0,0,1,0,차대사람 - 횡단중,신호위반,포장 - 건조,맑음,교차로 - 교차로부근,승용,남,52세,상해없음,보행자,여,11세,경상
2.02E+15,2016년 4월 22일 15시,금요일,서울특별시 동작구 대방동,126.928004,37.506883,중상사고,0,1,0,0,차대사람 - 횡단중,미분류,포장 - 건조,맑음,단일로 - 기타,승용,남,27세,상해없음,보행자,남,8세,중상
2.02E+15,2016년 4월 22일 17시,금요일,서울특별시 도봉구 쌍문동,127.027091,37.653366,중상사고,0,1,0,0,차대사람 - 횡단중,미분류,포장 - 건조,맑음,단일로 - 횡단보도부근,승용,남,61세,상해없음,보행자,남,3세,중상
2.02E+15,2016년 4월 25일 14시,월요일,서울특별시 용산구 서계동,126.966797,37.552172,경상사고,0,0,1,0,차대사람 - 횡단중,보행자보호의무위반,포장 - 건조,맑음,교차로 - 교차로부근,승용,여,42세,상해없음,보행자,남,7세,경상
2.02E+15,2016년 4월 27일 14시,수요일,서울특별시 구로구 구로동,126.884681,37.494236,부상신고사고,0,0,0,1,차대차 - 정면충돌,중앙선침범,포장 - 건조,맑음,단일로 - 횡단보도상,자전거,남,12세,부상신고,승용,여,44세,상해없음
2.02E+15,2016년 4월 29일 17시,금요일,서울특별시 금천구 시흥동,126.909282,37.449531,경상사고,0,0,1,0,차대사람 - 기타,기타,포장 - 건조,맑음,단일로 - 기타,승용,남,30세,상해없음,보행자,남,9세,경상
2.02E+15,2016년 5월 2일 08시,월요일,서울특별시 동작구 흑석동,126.962328,37.505495,경상사고,0,0,1,0,차대사람 - 보도통행중,보행자보호의무위반,포장 - 건조,맑음,단일로 - 횡단보도상,승용,여,51세,상해없음,보행자,여,3세,경상
2.02E+15,2016년 5월 4일 15시,수요일,서울특별시 광진구 구의동,127.092967,37.544415,경상사고,0,0,1,0,차대사람 - 횡단중,안전운전불이행,포장 - 건조,맑음,단일로 - 기타,승용,남,67세,상해없음,보행자,남,11세,경상
2.02E+15,2016년 5월 4일 18시,수요일,서울특별시 강북구 번동,127.036755,37.629045,부상신고사고,0,0,0,1,차대차 - 측면직각충돌,신호위반,포장 - 건조,맑음,교차로 - 교차로안,자전거,남,11세,부상신고,승합,남,46세,상해없음
2.02E+15,2016년 5월 8일 17시,일요일,서울특별시 마포구 공덕동,126.955004,37.548095,부상신고사고,0,0,0,1,차대차 - 측면직각충돌,안전운전불이행,포장 - 건조,맑음,단일로 - 기타,기타불명,기타불명,기타불명,기타불명,자전거,남,8세,부상신고
2.02E+15,2016년 5월 12일 16시,목요일,서울특별시 성북구 성북동,126.99291,37.597251,중상사고,0,1,0,0,차대사람 - 횡단중,신호위반,포장 - 건조,맑음,단일로 - 기타,승용,여,51세,상해없음,보행자,남,7세,중상
2.02E+15,2016년 5월 12일 17시,목요일,서울특별시 성북구 길음동,127.022236,37.608752,중상사고,0,1,0,0,차대사람 - 횡단중,신호위반,포장 - 건조,맑음,교차로 - 교차로안,승용,남,58세,상해없음,보행자,남,10세,중상
2.02E+15,2016년 5월 22일 13시,일요일,서울특별시 도봉구 쌍문동,127.027091,37.653366,경상사고,0,0,1,0,차대차 - 기타,미분류,포장 - 건조,맑음,교차로 - 교차로안,승용,남,55세,상해없음,자전거,여,10세,경상
2.02E+15,2016년 5월 23일 16시,월요일,서울특별시 은평구 대조동,126.923152,37.612259,경상사고,0,0,1,0,차대사람 - 기타,미분류,포장 - 건조,맑음,단일로 - 기타,승용,여,58세,상해없음,보행자,여,4세,경상
2.02E+15,2016년 5월 24일 17시,화요일,서울특별시 동작구 흑석동,126.962328,37.505495,중상사고,0,1,0,0,차대사람 - 횡단중,보행자보호의무위반,포장 - 건조,맑음,단일로 - 횡단보도상,승용,남,73세,상해없음,보행자,남,12세,중상
2.02E+15,2016년 5월 29일 17시,일요일,서울특별시 관악구 신림동,126.935806,37.463207,사망사고,1,0,0,0,차대사람 - 차도통행중,미분류,포장 - 건조,맑음,교차로 - 교차로부근,승합,남,55세,상해없음,보행자,남,5세,사망
2.02E+15,2016년 5월 31일 16시,화요일,서울특별시 동대문구 장안동,127.070025,37.570213,중상사고,0,1,0,0,차대사람 - 차도통행중,안전운전불이행,포장 - 건조,맑음,교차로 - 교차로부근,화물,남,58세,상해없음,보행자,남,9세,중상
2.02E+15,2016년 6월 1일 17시,수요일,서울특별시 노원구 월계동,127.056738,37.628252,경상사고,0,0,2,0,차대사람 - 횡단중,보행자보호의무위반,포장 - 건조,맑음,단일로 - 횡단보도상,승용,남,58세,상해없음,보행자,여,9세,경상
2.02E+15,2016년 6월 2일 13시,목요일,서울특별시 강남구 도곡동,127.045278,37.488597,중상사고,0,1,0,0,차대사람 - 횡단중,보행자보호의무위반,포장 - 건조,맑음,단일로 - 횡단보도상,승용,여,31세,상해없음,보행자,남,7세,중상
2.02E+15,2016년 6월 3일 16시,금요일,서울특별시 동대문구 용두동,127.034284,37.575729,경상사고,0,0,1,0,차대사람 - 횡단중,미분류,포장 - 건조,맑음,교차로 - 교차로부근,화물,남,58세,상해없음,보행자,여,11세,경상
2.02E+15,2016년 6월 7일 16시,화요일,서울특별시 양천구 신월동,126.834319,37.526611,경상사고,0,0,1,0,차대사람 - 횡단중,신호위반,포장 - 건조,맑음,단일로 - 기타,승용,남,35세,상해없음,보행자,여,9세,경상
2.02E+15,2016년 6월 9일 08시,목요일,서울특별시 강동구 길동,127.145925,37.53962,경상사고,0,0,1,0,차대사람 - 횡단중,보행자보호의무위반,포장 - 건조,맑음,교차로 - 교차로안,승용,여,38세,상해없음,보행자,남,8세,경상
2.02E+15,2016년 6월 9일 18시,목요일,서울특별시 도봉구 창동,127.044061,37.647747,경상사고,0,0,1,0,차대차 - 측면직각충돌,안전운전불이행,포장 - 건조,맑음,교차로 - 교차로안,승합,남,67세,상해없음,자전거,남,11세,경상
2.02E+15,2016년 6월 11일 20시,토요일,서울특별시 영등포구 신길동,126.913607,37.506066,경상사고,0,0,1,0,차대차 - 측면직각충돌,신호위반,포장 - 습기,흐림,단일로 - 횡단보도상,이륜,남,26세,기타불명,자전거,여,9세,경상
2.02E+15,2016년 6월 13일 15시,월요일,서울특별시 동작구 흑석동,126.962328,37.505495,중상사고,0,1,0,0,차대사람 - 횡단중,신호위반,포장 - 건조,맑음,단일로 - 횡단보도상,화물,남,51세,상해없음,보행자,여,6세,중상
2.02E+15,2016년 6월 13일 16시,월요일,서울특별시 은평구 응암동,126.923123,37.593842,중상사고,0,1,0,0,차대사람 - 횡단중,보행자보호의무위반,포장 - 건조,맑음,단일로 - 횡단보도상,승용,여,49세,상해없음,보행자,남,6세,중상
2.02E+15,2016년 6월 13일 21시,월요일,서울특별시 은평구 불광동,126.935569,37.619157,경상사고,0,0,4,0,차대차 - 측면직각충돌,중앙선침범,포장 - 건조,맑음,단일로 - 기타,자전거,남,14세,경상,승용,여,32세,경상
2.02E+15,2016년 6월 16일 14시,목요일,서울특별시 은평구 진관동,126.937815,37.639684,중상사고,0,1,0,0,차대사람 - 횡단중,보행자보호의무위반,포장 - 건조,맑음,교차로 - 교차로부근,화물,남,45세,상해없음,보행자,남,11세,중상
2.02E+15,2016년 6월 20일 14시,월요일,서울특별시 관악구 신림동,126.935806,37.463207,경상사고,0,0,1,0,차대사람 - 횡단중,보행자보호의무위반,포장 - 건조,맑음,교차로 - 교차로안,화물,남,53세,상해없음,보행자,여,8세,경상
2.02E+15,2016년 6월 22일 15시,수요일,서울특별시 강서구 화곡동,126.84727,37.540704,중상사고,0,1,0,0,차대사람 - 횡단중,보행자보호의무위반,포장 - 건조,맑음,단일로 - 횡단보도상,화물,남,51세,상해없음,보행자,남,7세,중상
2.02E+15,2016년 6월 23일 17시,목요일,서울특별시 동작구 상도동,126.944078,37.498711,경상사고,0,0,1,0,차대사람 - 차도통행중,안전운전불이행,포장 - 건조,맑음,단일로 - 기타,승용,남,58세,상해없음,보행자,남,9세,경상
2.02E+15,2016년 6월 30일 14시,목요일,서울특별시 강북구 수유동,127.007369,37.638335,경상사고,0,0,1,0,차대사람 - 기타,안전운전불이행,포장 - 습기,흐림,단일로 - 기타,승용,남,37세,기타불명,보행자,여,8세,경상
2.02E+15,2016년 6월 30일 16시,목요일,서울특별시 동작구 상도1동,126.950642,37.503274,경상사고,0,0,1,0,차대사람 - 횡단중,중앙선침범,포장 - 건조,맑음,단일로 - 기타,승용,여,65세,상해없음,보행자,남,6세,경상
2.02E+15,2016년 7월 1일 15시,금요일,서울특별시 성북구 보문동7가,127.022378,37.579776,중상사고,0,1,0,0,차대사람 - 차도통행중,보행자보호의무위반,포장 - 습기,비,단일로 - 기타,화물,남,24세,상해없음,보행자,여,9세,중상
2.02E+15,2016년 7월 9일 15시,토요일,서울특별시 강동구 상일동,127.168808,37.550586,중상사고,0,1,0,0,차대사람 - 횡단중,보행자보호의무위반,포장 - 건조,맑음,교차로 - 교차로부근,승용,남,32세,상해없음,보행자,남,7세,중상