사고번호,사고일시,요일,시군구,X,Y,사고내용,사망자수,중상자수,경상자수,부상신고자수,사고유형,법규위반,노면상태,기상상태,도로형태,가해운전자 차종,가해운전자 성별,가해운전자 연령,가해운전자 상해정도,피해운전자 차종,피해운전자 성별,피해운전자 연령,피해운전자 상해정도
2.02E+15,2017년 10월 23일 13시,월요일,서울특별시 구로구 개봉동,126.851943,37.494229,경상사고,0,0,1,0,차대사람 - 기타,미분류,포장 - 건조,맑음,단일로 - 기타,승용,여,59세,상해없음,보행자,여,10세,경상
2.02E+15,2017년 10월 23일 14시,월요일,서울특별시 광진구 광장동,127.104706,37.547838,중상사고,0,1,2,0,차대사람 - 기타,보행자보호의무위반,포장 - 건조,맑음,단일로 - 기타,승용,여,58세,상해없음,보행자,여,12세,경상
2.02E+15,2017년 10월 27일 15시,금요일,서울특별시 은평구 구산동,126.907312,37.611078,중상사고,0,1,0,0,차대사람 - 기타,미분류,포장 - 건조,맑음,단일로 - 기타,승용,남,54세,상해없음,보행자,여,9세,중상
2.02E+15,2017년 10월 28일 09시,토요일,서울특별시 강남구 자곡동,127.100348,37.47627,중상사고,0,1,0,0,차대사람 - 횡단중,신호위반,포장 - 건조,맑음,교차로 - 교차로안,승용,남,68세,상해없음,보행자,여,10세,중상
2.02E+15,2017년 11월 4일 12시,토요일,서울특별시 은평구 신사동,126.907199,37.595615,경상사고,0,0,1,0,차대사람 - 횡단중,신호위반,포장 - 건조,맑음,단일로 - 기타,이륜,남,33세,상해없음,보행자,여,10세,경상
2.02E+15,2017년 11월 4일 12시,토요일,서울특별시 강남구 대치동,127.06334,37.499194,경상사고,0,0,1,0,차대사람 - 횡단중,보행자보호의무위반,포장 - 건조,맑음,단일로 - 기타,승용,남,41세,상해없음,보행자,여,9세,경상
2.02E+15,2017년 11월 15일 15시,수요일,서울특별시 중랑구 면목동,127.089212,37.582365,중상사고,0,1,0,0,차대차 - 기타,신호위반,포장 - 건조,맑음,단일로 - 기타,이륜,남,23세,상해없음,자전거,남,11세,중상
2.02E+15,2017년 11월 19일 13시,일요일,서울특별시 강서구 화곡동,126.84727,37.540704,경상사고,0,0,1,0,차대사람 - 기타,미분류,포장 - 건조,맑음,교차로 - 교차로부근,화물,남,69세,상해없음,보행자,여,5세,경상
2.02E+15,2017년 11월 20일 15시,월요일,서울특별시 광진구 자양동,127.07452,37.531702,중상사고,0,1,0,0,차대사람 - 기타,보행자보호의무위반,포장 - 젖음/습기,눈,교차로 - 교차로안,승용,남,21세,상해없음,보행자,남,9세,중상
2.02E+15,2017년 11월 28일 14시,화요일,서울특별시 구로구 구로동,126.884681,37.494236,중상사고,0,1,0,0,차대사람 - 기타,안전운전불이행,포장 - 건조,맑음,단일로 - 기타,이륜,남,58세,상해없음,보행자,여,11세,중상
2.02E+15,2017년 11월 28일 16시,화요일,서울특별시 동작구 사당동,126.972305,37.485624,중상사고,0,1,0,0,차대사람 - 횡단중,안전운전불이행,포장 - 건조,흐림,단일로 - 기타,승합,남,35세,상해없음,보행자,남,5세,중상
2.02E+15,2017년 11월 29일 16시,수요일,서울특별시 구로구 오류동,126.838594,37.491666,경상사고,0,0,4,0,차대차 - 추돌,기타,포장 - 건조,맑음,단일로 - 기타,승용,남,53세,상해없음,승합,남,75세,경상
2.02E+15,2017년 12월 1일 15시,금요일,서울특별시 구로구 온수동,126.820609,37.494146,경상사고,0,0,1,0,차대사람 - 차도통행중,미분류,포장 - 건조,흐림,단일로 - 기타,승용,여,67세,상해없음,보행자,여,12세,경상
2.02E+15,2017년 12월 8일 15시,금요일,서울특별시 영등포구 문래동3가,126.895707,37.517271,경상사고,0,0,1,0,차대사람 - 보도통행중,미분류,포장 - 건조,맑음,교차로 - 교차로횡단보도내,자전거,남,68세,상해없음,보행자,여,9세,경상
2.02E+15,2017년 12월 9일 16시,토요일,서울특별시 종로구 재동,126.985285,37.578337,경상사고,0,0,1,0,차대사람 - 차도통행중,보행자보호의무위반,포장 - 건조,맑음,단일로 - 기타,승용,여,40세,상해없음,보행자,남,10세,경상
2.02E+15,2017년 12월 19일 08시,화요일,서울특별시 중구 신당동,127.013665,37.557916,경상사고,0,0,1,0,차대사람 - 횡단중,안전운전불이행,포장 - 건조,맑음,단일로 - 기타,기타불명,기타불명,미분류,기타불명,보행자,남,5세,경상
2.02E+15,2017년 12월 21일 10시,목요일,서울특별시 노원구 상계동,127.07033,37.672997,경상사고,0,0,1,0,차대사람 - 기타,보행자보호의무위반,포장 - 적설,맑음,단일로 - 기타,승용,남,71세,상해없음,보행자,여,8세,경상
2.02E+15,2018년 1월 29일 14시,월요일,서울특별시 강동구 성내동,127.12899,37.530494,경상사고,0,0,1,0,차대사람 - 보도통행중,안전운전불이행,포장 - 건조,맑음,교차로 - 교차로횡단보도내,승용,남,58세,상해없음,보행자,여,10세,경상
2.02E+15,2018년 2월 1일 15시,목요일,서울특별시 도봉구 창동,127.044061,37.647747,경상사고,0,0,1,0,차대사람 - 횡단중,보행자보호의무위반,포장 - 건조,맑음,교차로 - 교차로안,승용,남,72세,상해없음,보행자,남,12세,경상
2.02E+15,2018년 2월 2일 15시,금요일,서울특별시 중랑구 면목동,127.089212,37.582365,경상사고,0,0,1,0,차대사람 - 보도통행중,보행자보호의무위반,포장 - 건조,맑음,단일로 - 기타,승용,남,28세,상해없음,보행자,남,7세,경상
2.02E+15,2018년 2월 2일 15시,금요일,서울특별시 노원구 하계동,127.072505,37.637648,경상사고,0,0,1,0,차대사람 - 횡단중,안전운전불이행,포장 - 건조,맑음,기타 - 기타,승용,남,28세,상해없음,보행자,남,8세,경상
2.02E+15,2018년 2월 8일 08시,목요일,서울특별시 은평구 대조동,126.923152,37.612259,경상사고,0,0,1,0,차대사람 - 횡단중,미분류,포장 - 건조,맑음,단일로 - 기타,승용,남,57세,상해없음,보행자,남,11세,경상
2.02E+15,2018년 2월 11일 12시,일요일,서울특별시 구로구 오류동,126.838594,37.491666,경상사고,0,0,1,0,차대사람 - 횡단중,보행자보호의무위반,포장 - 건조,맑음,교차로 - 교차로횡단보도내,이륜,남,24세,상해없음,보행자,남,12세,경상
2.02E+15,2018년 2월 12일 16시,월요일,서울특별시 강서구 화곡동,126.84727,37.540704,경상사고,0,0,1,0,차대사람 - 차도통행중,안전운전불이행,포장 - 건조,맑음,단일로 - 기타,승용,남,67세,상해없음,보행자,남,2세,경상
2.02E+15,2018년 2월 21일 15시,수요일,서울특별시 금천구 독산동,126.898294,37.467477,부상신고사고,0,0,0,1,차대차 - 측면충돌,직진우회전진행방해,포장 - 건조,맑음,교차로 - 교차로안,자전거,남,11세,부상신고,승용,남,61세,상해없음
2.02E+15,2018년 2월 21일 19시,수요일,서울특별시 영등포구 영등포동8가,126.905285,37.528308,경상사고,0,0,1,0,차대사람 - 기타,미분류,포장 - 건조,맑음,기타 - 기타,승용,남,69세,상해없음,보행자,남,4세,경상
2.02E+15,2018년 2월 24일 16시,토요일,서울특별시 구로구 신도림동,126.882185,37.509954,중상사고,0,1,0,0,차대사람 - 차도통행중,보행자보호의무위반,포장 - 건조,맑음,단일로 - 기타,승용,남,28세,상해없음,보행자,여,8세,중상
2.02E+15,2018년 2월 26일 12시,월요일,서울특별시 성동구 성수동2가,127.056528,37.540858,중상사고,0,1,1,0,차대사람 - 기타,신호위반,포장 - 건조,맑음,교차로 - 교차로부근,이륜,남,20세,경상,보행자,남,9세,중상
2.02E+15,2018년 3월 2일 12시,금요일,서울특별시 중랑구 묵동,127.079735,37.612719,부상신고사고,0,0,0,1,차대사람 - 횡단중,기타,포장 - 건조,맑음,교차로 - 교차로횡단보도내,기타불명,기타불명,미분류,기타불명,보행자,남,8세,부상신고
2.02E+15,2018년 3월 8일 17시,목요일,서울특별시 종로구 구기동,126.959275,37.619386,경상사고,0,0,2,0,차대차 - 측면충돌,안전운전불이행,포장 - 건조,맑음,교차로 - 교차로안,승용,남,73세,상해없음,승용,여,44세,경상
2.02E+15,2018년 3월 14일 15시,수요일,서울특별시 구로구 오류동,126.838594,37.491666,경상사고,0,0,1,0,차대사람 - 횡단중,보행자보호의무위반,포장 - 건조,맑음,교차로 - 교차로횡단보도내,승합,남,53세,상해없음,보행자,남,8세,경상
2.02E+15,2018년 3월 14일 15시,수요일,서울특별시 양천구 신정동,126.855717,37.515197,경상사고,0,0,1,0,차대사람 - 횡단중,미분류,포장 - 건조,맑음,단일로 - 기타,승용,남,39세,상해없음,보행자,여,6세,경상
2.02E+15,2018년 3월 16일 17시,금요일,서울특별시 구로구 개봉동,126.851943,37.494229,중상사고,0,1,0,0,차대사람 - 기타,안전운전불이행,포장 - 건조,맑음,단일로 - 기타,승합,남,69세,상해없음,보행자,여,4세,중상
2.02E+15,2018년 3월 22일 08시,목요일,서울특별시 도봉구 창동,127.044061,37.647747,중상사고,0,1,0,0,차대사람 - 횡단중,신호위반,포장 - 건조,맑음,단일로 - 기타,승용,남,67세,상해없음,보행자,남,8세,중상
2.02E+15,2018년 3월 27일 13시,화요일,서울특별시 종로구 숭인동,127.018946,37.575576,경상사고,0,0,1,0,차대사람 - 기타,안전운전불이행,포장 - 건조,맑음,단일로 - 기타,승합,남,42세,상해없음,보행자,남,9세,경상
2.02E+15,2018년 3월 27일 17시,화요일,서울특별시 관악구 봉천동,126.953483,37.47798,중상사고,0,1,0,0,차대사람 - 차도통행중,보행자보호의무위반,포장 - 건조,맑음,단일로 - 기타,이륜,남,68세,상해없음,보행자,여,9세,중상
2.02E+15,2018년 4월 3일 13시,화요일,서울특별시 성북구 석관동,127.061476,37.608269,경상사고,0,0,1,0,차대사람 - 횡단중,신호위반,포장 - 건조,맑음,단일로 - 기타,이륜,남,70세,상해없음,보행자,여,7세,경상
2.02E+15,2018년 4월 3일 17시,화요일,서울특별시 종로구 명륜1가,126.997481,37.589118,경상사고,0,0,1,0,차대사람 - 횡단중,보행자보호의무위반,포장 - 건조,맑음,교차로 - 교차로횡단보도내,승용,남,68세,상해없음,보행자,여,7세,경상
2.02E+15,2018년 4월 6일 19시,금요일,서울특별시 중랑구 상봉동,127.087113,37.598477,중상사고,0,1,0,0,차대사람 - 횡단중,미분류,포장 - 건조,맑음,기타 - 기타,승용,남,56세,상해없음,보행자,여,9세,중상
2.02E+15,2018년 4월 9일 13시,월요일,서울특별시 노원구 상계동,127.07033,37.672997,경상사고,0,0,1,0,차대사람 - 횡단중,보행자보호의무위반,포장 - 건조,맑음,교차로 - 교차로횡단보도내,승용,남,37세,상해없음,보행자,남,8세,경상
2.02E+15,2018년 4월 17일 17시,화요일,서울특별시 동작구 상도1동,126.950642,37.503274,사망사고,1,0,0,0,차대사람 - 차도통행중,안전운전불이행,포장 - 건조,맑음,단일로 - 기타,승합,남,63세,상해없음,보행자,여,6세,사망
2.02E+15,2018년 4월 20일 13시,금요일,서울특별시 강남구 대치동,127.06334,37.499194,중상사고,0,1,0,0,차대사람 - 차도통행중,미분류,포장 - 건조,맑음,단일로 - 기타,승용,여,61세,상해없음,보행자,남,7세,중상
2.02E+15,2018년 4월 24일 15시,화요일,서울특별시 동작구 대방동,126.928004,37.506883,중상사고,0,1,0,1,차대사람 - 횡단중,신호위반,포장 - 건조,맑음,교차로 - 교차로안,승용,남,68세,상해없음,보행자,여,6세,부상신고
2.02E+15,2018년 4월 27일 14시,금요일,서울특별시 은평구 증산동,126.905962,37.584169,경상사고,0,0,1,0,차대사람 - 횡단중,신호위반,포장 - 건조,맑음,교차로 - 교차로횡단보도내,이륜,남,17세,상해없음,보행자,여,8세,경상
2.02E+15,2018년 5월 1일 15시,화요일,서울특별시 구로구 천왕동,126.839867,37.480262,경상사고,0,0,1,1,차대사람 - 기타,신호위반,포장 - 건조,맑음,교차로 - 교차로횡단보도내,이륜,남,30세,부상신고,보행자,남,9세,경상
2.02E+15,2018년 5월 4일 14시,금요일,서울특별시 영등포구 양평동5가,126.892643,37.539372,경상사고,0,0,1,0,차대사람 - 차도통행중,안전운전불이행,포장 - 건조,맑음,단일로 - 기타,화물,남,34세,상해없음,보행자,남,10세,경상
2.02E+15,2018년 5월 4일 15시,금요일,서울특별시 양천구 신정동,126.855717,37.515197,경상사고,0,0,1,0,차대사람 - 횡단중,보행자보호의무위반,포장 - 건조,맑음,교차로 - 교차로안,승용,남,25세,상해없음,보행자,남,8세,경상
2.02E+15,2018년 5월 10일 13시,목요일,서울특별시 마포구 아현동,126.956319,37.554477,경상사고,0,0,1,0,차대사람 - 횡단중,보행자보호의무위반,포장 - 건조,맑음,교차로 - 교차로부근,승용,여,38세,상해없음,보행자,여,6세,경상
2.02E+15,2018년 5월 10일 13시,목요일,서울특별시 강남구 청담동,127.050467,37.524402,경상사고,0,0,2,0,차대사람 - 기타,안전운전불이행,포장 - 건조,맑음,교차로 - 교차로부근,승용,여,40세,상해없음,보행자,남,49세,경상
2.02E+15,2018년 5월 25일 08시,금요일,서울특별시 서초구 서초동,127.016797,37.488382,중상사고,0,1,0,0,차대사람 - 횡단중,과속,포장 - 건조,맑음,단일로 - 기타,승용,여,36세,상해없음,보행자,여,7세,중상
2.02E+15,2018년 5월 27일 11시,일요일,서울특별시 강서구 화곡동,126.84727,37.540704,중상사고,0,1,0,0,차대사람 - 기타,보행자보호의무위반,포장 - 건조,맑음,교차로 - 교차로안,승용,남,39세,상해없음,보행자,여,7세,중상
2.02E+15,2018년 5월 29일 14시,화요일,서울특별시 중랑구 망우동,127.106328,37.599588,경상사고,0,0,1,0,차대사람 - 길가장자리구역통행중,안전운전불이행,포장 - 건조,맑음,교차로 - 교차로부근,승용,여,57세,상해없음,보행자,여,8세,경상
2.02E+15,2018년 6월 3일 16시,일요일,서울특별시 도봉구 도봉동,127.029231,37.684856,부상신고사고,0,0,0,1,차대차 - 추돌,안전거리미확보,포장 - 건조,맑음,단일로 - 기타,자전거,남,12세,부상신고,승합,남,62세,상해없음
2.02E+15,2018년 6월 5일 18시,화요일,서울특별시 마포구 성산동,126.904694,37.56566,경상사고,0,0,1,0,차대사람 - 횡단중,보행자보호의무위반,포장 - 건조,맑음,단일로 - 기타,승용,남,22세,상해없음,보행자,여,9세,경상
2.02E+15,2018년 6월 11일 15시,월요일,서울특별시 동작구 대방동,126.928004,37.506883,중상사고,0,1,0,0,차대사람 - 기타,안전운전불이행,포장 - 건조,맑음,단일로 - 기타,화물,남,60세,상해없음,보행자,남,3세,중상
2.02E+15,2018년 6월 13일 15시,수요일,서울특별시 도봉구 창동,127.044061,37.647747,경상사고,0,0,1,0,차대차 - 기타,미분류,포장 - 건조,맑음,교차로 - 교차로안,승용,남,85세,상해없음,자전거,여,10세,경상
2.02E+15,2018년 6월 26일 16시,화요일,서울특별시 성북구 동선동5가,127.01667,37.596289,경상사고,0,0,1,0,차대사람 - 횡단중,신호위반,포장 - 젖음/습기,비,교차로 - 교차로횡단보도내,승용,여,50세,상해없음,보행자,남,7세,경상
2.02E+15,2018년 6월 29일 14시,금요일,서울특별시 광진구 군자동,127.073667,37.553041,경상사고,0,0,1,0,차대사람 - 횡단중,보행자보호의무위반,포장 - 건조,맑음,교차로 - 교차로횡단보도내,승용,남,48세,상해없음,보행자,남,11세,경상
2.02E+15,2018년 7월 2일 08시,월요일,서울특별시 서초구 방배동,126.993113,37.479496,경상사고,0,0,2,0,차대차 - 추돌,안전운전불이행,포장 - 건조,맑음,단일로 - 기타,승용,남,23세,기타불명,승용,여,37세,경상
2.02E+15,2018년 7월 7일 12시,토요일,서울특별시 서초구 서초동,127.016797,37.488382,중상사고,0,1,0,0,차대사람 - 횡단중,신호위반,포장 - 건조,맑음,기타 - 기타,승용,여,59세,상해없음,보행자,남,10세,중상
2.02E+15,2018년 7월 12일 16시,목요일,서울특별시 도봉구 쌍문동,127.027091,37.653366,경상사고,0,0,1,0,차대사람 - 횡단중,신호위반,포장 - 건조,맑음,교차로 - 교차로횡단보도내,화물,남,51세,상해없음,보행자,남,7세,경상
2.02E+15,2018년 7월 18일 16시,수요일,서울특별시 동작구 신대방동,126.917182,37.492683,중상사고,0,1,0,0,차대사람 - 횡단중,보행자보호의무위반,포장 - 건조,맑음,단일로 - 기타,승용,여,44세,상해없음,보행자,남,2세,중상
2.02E+15,2018년 7월 18일 18시,수요일,서울특별시 종로구 혜화동,127.001756,37.587821,부상신고사고,0,0,0,1,차대사람 - 보도통행중,보행자보호의무위반,포장 - 건조,맑음,단일로 - 기타,이륜,남,19세,상해없음,보행자,여,5세,부상신고
2.02E+15,2018년 7월 18일 20시,수요일,서울특별시 서초구 서초동,127.016797,37.488382,중상사고,0,1,0,0,차대차 - 기타,신호위반,포장 - 건조,맑음,교차로 - 교차로안,승용,남,24세,상해없음,자전거,남,10세,중상
2.02E+15,2018년 7월 19일 08시,목요일,서울특별시 관악구 신림동,126.935806,37.463207,중상사고,0,1,0,0,차대사람 - 기타,안전운전불이행,포장 - 건조,맑음,단일로 - 기타,승용,여,36세,상해없음,보행자,남,10세,중상
2.02E+15,2018년 7월 19일 17시,목요일,서울특별시 종로구 신영동,126.961831,37.602523,부상신고사고,0,0,0,1,차대사람 - 길가장자리구역통행중,안전운전불이행,포장 - 건조,맑음,단일로 - 기타,승용,여,48세,상해없음,보행자,남,10세,부상신고
2.02E+15,2018년 7월 27일 15시,금요일,서울특별시 구로구 구로동,126.884681,37.494236,중상사고,0,1,0,0,차대차 - 기타,미분류,포장 - 건조,맑음,교차로 - 교차로안,화물,남,55세,상해없음,자전거,여,9세,중상
2.02E+15,2018년 7월 31일 10시,화요일,서울특별시 양천구 목동,126.87452,37.536047,경상사고,0,0,1,0,차대사람 - 횡단중,안전운전불이행,포장 - 건조,맑음,단일로 - 기타,승용,여,38세,상해없음,보행자,남,9세,경상
2.02E+15,2018년 8월 4일 14시,토요일,서울특별시 강남구 논현동,127.031713,37.51368,부상신고사고,0,0,0,1,차대사람 - 횡단중,보행자보호의무위반,포장 - 건조,맑음,교차로 - 교차로횡단보도내,이륜,남,50세,상해없음,보행자,남,9세,부상신고
2.02E+15,2018년 8월 5일 11시,일요일,서울특별시 중랑구 망우동,127.106328,37.599588,경상사고,0,0,1,0,차대사람 - 횡단중,미분류,포장 - 건조,맑음,교차로 - 교차로부근,승용,남,71세,상해없음,보행자,여,9세,경상
2.02E+15,2018년 8월 6일 09시,월요일,서울특별시 서초구 잠원동,127.009094,37.515105,경상사고,0,0,1,0,차대사람 - 횡단중,보행자보호의무위반,포장 - 건조,맑음,단일로 - 기타,승용,남,70세,상해없음,보행자,여,2세,경상
2.02E+15,2018년 8월 13일 18시,월요일,서울특별시 강서구 마곡동,126.830206,37.574793,중상사고,0,1,0,0,차대사람 - 횡단중,신호위반,포장 - 건조,맑음,교차로 - 교차로안,승합,남,57세,상해없음,보행자,남,9세,중상
2.02E+15,2018년 8월 16일 09시,목요일,서울특별시 강남구 일원동,127.082861,37.488012,중상사고,0,1,1,0,차대사람 - 횡단중,보행자보호의무위반,포장 - 건조,맑음,교차로 - 교차로안,승용,여,41세,상해없음,보행자,여,32세,중상
2.02E+15,2018년 8월 22일 15시,수요일,서울특별시 영등포구 대림동,126.900122,37.495435,경상사고,0,0,1,0,차대사람 - 횡단중,보행자보호의무위반,포장 - 건조,맑음,교차로 - 교차로안,화물,남,47세,상해없음,보행자,여,7세,경상
2.02E+15,2018년 8월 29일 15시,수요일,서울특별시 은평구 진관동,126.937815,37.639684,경상사고,0,0,1,0,차대사람 - 횡단중,보행자보호의무위반,포장 - 젖음/습기,흐림,교차로 - 교차로횡단보도내,승용,여,46세,상해없음,보행자,남,10세,경상
2.02E+15,2018년 8월 31일 15시,금요일,서울특별시 성동구 응봉동,127.033913,37.550938,경상사고,0,0,1,0,차대사람 - 횡단중,안전운전불이행,포장 - 건조,맑음,단일로 - 기타,승용,남,53세,상해없음,보행자,여,8세,경상
2.02E+15,2018년 9월 2일 14시,일요일,서울특별시 강서구 화곡동,126.84727,37.540704,중상사고,0,1,0,0,차대사람 - 기타,보행자보호의무위반,포장 - 건조,맑음,단일로 - 기타,이륜,남,21세,상해없음,보행자,남,3세,중상
2.02E+15,2018년 9월 4일 16시,화요일,서울특별시 서초구 우면동,127.017939,37.465937,중상사고,0,1,0,0,차대사람 - 보도통행중,신호위반,포장 - 건조,맑음,교차로 - 교차로부근,승용,여,34세,상해없음,보행자,여,7세,중상
2.02E+15,2018년 9월 7일 16시,금요일,서울특별시 은평구 갈현동,126.913571,37.621551,부상신고사고,0,0,0,1,차대사람 - 기타,안전운전불이행,포장 - 건조,맑음,단일로 - 기타,승용,여,31세,기타불명,보행자,남,8세,부상신고
2.02E+15,2018년 9월 7일 19시,금요일,서울특별시 종로구 신교동,126.967935,37.584511,경상사고,0,0,1,0,차대사람 - 기타,미분류,포장 - 건조,맑음,교차로 - 교차로안,승용,여,53세,상해없음,보행자,남,11세,경상
2.02E+15,2018년 9월 11일 16시,화요일,서울특별시 영등포구 신길동,126.913607,37.506066,경상사고,0,0,1,0,차대사람 - 횡단중,안전운전불이행,포장 - 건조,맑음,단일로 - 기타,승용,남,51세,상해없음,보행자,남,8세,경상
2.02E+15,2018년 9월 13일 15시,목요일,서울특별시 송파구 풍납동,127.113989,37.533212,경상사고,0,0,1,0,차대사람 - 기타,미분류,포장 - 건조,맑음,단일로 - 기타,승용,여,67세,상해없음,보행자,남,10세,경상
2.02E+15,2018년 9월 18일 16시,화요일,서울특별시 구로구 가리봉동,126.88803,37.482708,경상사고,0,0,1,0,차대사람 - 기타,미분류,포장 - 건조,맑음,단일로 - 기타,승용,남,60세,상해없음,보행자,남,7세,경상
2.02E+15,2018년 9월 19일 15시,수요일,서울특별시 강서구 화곡동,126.84727,37.540704,경상사고,0,0,1,0,차대사람 - 횡단중,안전운전불이행,포장 - 건조,맑음,교차로 - 교차로안,승용,남,54세,상해없음,보행자,여,6세,경상
2.02E+15,2018년 9월 21일 16시,금요일,서울특별시 관악구 신림동,126.935806,37.463207,중상사고,0,1,0,0,차대사람 - 횡단중,신호위반,포장 - 건조,맑음,단일로 - 기타,이륜,남,56세,상해없음,보행자,남,10세,중상
2.02E+15,2018년 10월 5일 08시,금요일,서울특별시 영등포구 여의도동,126.928439,37.528674,중상사고,0,1,0,0,차대사람 - 횡단중,안전운전불이행,포장 - 건조,맑음,단일로 - 기타,승용,남,32세,상해없음,보행자,여,11세,중상
2.02E+15,2018년 10월 8일 17시,월요일,서울특별시 성북구 석관동,127.061476,37.608269,중상사고,0,1,0,0,차대사람 - 차도통행중,안전운전불이행,포장 - 건조,맑음,교차로 - 교차로부근,화물,남,43세,상해없음,보행자,남,8세,중상
2.02E+15,2018년 10월 16일 15시,화요일,서울특별시 강남구 수서동,127.096716,37.485884,부상신고사고,0,0,0,1,차대사람 - 횡단중,보행자보호의무위반,포장 - 건조,맑음,단일로 - 기타,승용,여,42세,상해없음,보행자,남,9세,부상신고
2.02E+15,2018년 11월 2일 12시,금요일,서울특별시 강서구 마곡동,126.830206,37.574793,경상사고,0,0,1,0,차대사람 - 횡단중,신호위반,포장 - 건조,맑음,단일로 - 기타,승용,여,58세,상해없음,보행자,여,8세,경상
2.02E+15,2018년 11월 10일 12시,토요일,서울특별시 광진구 중곡동,127.088785,37.563521,중상사고,0,1,0,0,차대사람 - 횡단중,신호위반,포장 - 건조,맑음,교차로 - 교차로횡단보도내,이륜,남,39세,상해없음,보행자,남,11세,중상
2.02E+15,2018년 11월 15일 09시,목요일,서울특별시 중랑구 상봉동,127.087113,37.598477,경상사고,0,0,1,0,차대사람 - 횡단중,보행자보호의무위반,포장 - 건조,맑음,교차로 - 교차로부근,승용,여,35세,상해없음,보행자,여,11세,경상
2.02E+15,2018년 11월 20일 13시,화요일,서울특별시 구로구 천왕동,126.839867,37.480262,경상사고,0,0,1,0,차대사람 - 횡단중,신호위반,포장 - 건조,맑음,교차로 - 교차로안,이륜,남,25세,상해없음,보행자,남,8세,경상
2.02E+15,2018년 12월 7일 18시,금요일,서울특별시 구로구 궁동,126.828517,37.500442,중상사고,0,1,0,0,차대사람 - 횡단중,미분류,포장 - 건조,맑음,교차로 - 교차로부근,승용,남,20세,상해없음,보행자,남,9세,중상
2.02E+15,2018년 12월 26일 16시,수요일,서울특별시 은평구 구산동,126.907312,37.611078,경상사고,0,0,1,1,차대사람 - 횡단중,미분류,포장 - 건조,맑음,단일로 - 기타,자전거,남,71세,부상신고,보행자,남,5세,경상
2.02E+15,2019년 1월 10일 14시,목요일,서울특별시 영등포구 대림동,126.900122,37.495435,중상사고,0,1,0,0,차대사람 - 기타,안전운전불이행,포장 - 건조,맑음,단일로 - 기타,승용,남,36세,상해없음,보행자,남,9세,중상
2.02E+15,2019년 1월 22일 17시,화요일,서울특별시 성동구 금호동2가,127.021179,37.552888,중상사고,0,1,0,0,차대사람 - 기타,미분류,포장 - 건조,맑음,단일로 - 기타,승용,남,70세,상해없음,보행자,여,9세,중상
2.02E+15,2019년 1월 24일 17시,목요일,서울특별시 동작구 상도동,126.944078,37.498711,중상사고,0,1,0,0,차대사람 - 차도통행중,보행자보호의무위반,포장 - 건조,맑음,단일로 - 기타,승용,여,63세,상해없음,보행자,남,9세,중상
2.02E+15,2019년 1월 29일 15시,화요일,서울특별시 구로구 구로동,126.884681,37.494236,중상사고,0,1,0,0,차대사람 - 차도통행중,보행자보호의무위반,포장 - 건조,기타,단일로 - 기타,화물,남,34세,상해없음,보행자,남,5세,중상
2.02E+15,2019년 2월 1일 18시,금요일,서울특별시 용산구 원효로3가,126.945257,37.534727,경상사고,0,0,1,0,차대사람 - 기타,안전운전불이행,포장 - 건조,맑음,단일로 - 지하차도(도로)내,승용,남,63세,상해없음,보행자,여,6세,경상
2.02E+15,2019년 2월 2일 13시,토요일,서울특별시 광진구 구의동,127.092967,37.544415,중상사고,0,1,0,0,차대사람 - 횡단중,미분류,포장 - 건조,맑음,교차로 - 교차로부근,승용,남,30세,상해없음,보행자,여,8세,중상
2.02E+15,2019년 2월 8일 17시,금요일,서울특별시 강북구 수유동,127.007369,37.638335,중상사고,0,1,0,0,차대사람 - 길가장자리구역통행중,안전운전불이행,포장 - 건조,흐림,단일로 - 기타,화물,남,49세,상해없음,보행자,여,10세,중상
2.02E+15,2019년 2월 12일 08시,화요일,서울특별시 강북구 미아동,127.023876,37.62111,경상사고,0,0,1,0,차대사람 - 횡단중,신호위반,포장 - 건조,맑음,교차로 - 교차로횡단보도내,승용,여,45세,상해없음,보행자,여,10세,경상
2.02E+15,2019년 2월 13일 16시,수요일,서울특별시 강남구 개포동,127.062593,37.480284,부상신고사고,0,0,0,1,차대사람 - 기타,보행자보호의무위반,포장 - 건조,맑음,단일로 - 기타,화물,남,63세,상해없음,보행자,여,10세,부상신고
2.02E+15,2019년 3월 7일 08시,목요일,서울특별시 노원구 중계동,127.079999,37.651015,경상사고,0,0,1,0,차대사람 - 차도통행중,안전운전불이행,포장 - 건조,맑음,교차로 - 교차로안,승용,남,57세,상해없음,보행자,여,7세,경상
2.02E+15,2019년 3월 7일 13시,목요일,서울특별시 노원구 상계동,127.07033,37.672997,경상사고,0,0,1,0,차대사람 - 횡단중,보행자보호의무위반,포장 - 건조,맑음,기타 - 기타,자전거,여,71세,상해없음,보행자,여,7세,경상